Model,Split,Technique,Cross-Validation Accuracies +- std,Test Accuracy,Test Precision,Test Recall,Test F1-Score,Test ROC-AUC,TP,TN,FP,FN
Decision Tree,80:20,Baseline,0.7629 ± 0.0089,0.77,0.1939,0.0475,0.0763,0.4952,19,1521,79,381
Decision Tree,80:20,SMOTE,0.7105 ± 0.0323,0.6995,0.1927,0.1575,0.1733,0.4908,63,1336,264,337
Decision Tree,80:20,ADASYN,0.7286 ± 0.0128,0.726,0.2176,0.1425,0.1722,0.4988,57,1395,205,343
Decision Tree,80:20,RandomUnderSampler,0.5019 ± 0.0318,0.53,0.2059,0.4725,0.2868,0.5195,189,871,729,211
Decision Tree,80:20,SMOTETomek,0.7095 ± 0.0351,0.7005,0.1895,0.1525,0.169,0.4855,61,1340,260,339
Decision Tree,80:20,SMOTEENN,0.6698 ± 0.0275,0.6555,0.2163,0.2525,0.233,0.5164,101,1210,390,299
Decision Tree,80:20,NearMiss,0.5034 ± 0.0315,0.53,0.2059,0.4725,0.2868,0.5195,189,871,729,211
Decision Tree,80:20,ClusterCentroids,0.5019 ± 0.0318,0.53,0.2059,0.4725,0.2868,0.5195,189,871,729,211
Decision Tree,80:20,ADASYN+Tomek,0.7286 ± 0.0128,0.726,0.2176,0.1425,0.1722,0.4988,57,1395,205,343
Decision Tree,80:20,Borderline+Tomek,0.7051 ± 0.0298,0.7135,0.1916,0.1375,0.1601,0.4883,55,1372,228,345
Decision Tree,90:10,Baseline,0.7684 ± 0.0076,0.778,0.3478,0.08,0.1301,0.5127,16,762,30,184
Decision Tree,90:10,SMOTE,0.7063 ± 0.0215,0.71,0.2618,0.25,0.2558,0.5352,50,660,140,150
Decision Tree,90:10,ADASYN,0.7208 ± 0.0195,0.701,0.2174,0.2,0.2083,0.5106,40,661,139,160
Decision Tree,90:10,RandomUnderSampler,0.5110 ± 0.0305,0.536,0.2155,0.5,0.2974,0.5513,100,436,364,100
Decision Tree,90:10,SMOTETomek,0.7076 ± 0.0163,0.703,0.2304,0.215,0.2224,0.5175,43,660,140,157
Decision Tree,90:10,SMOTEENN,0.6697 ± 0.0355,0.672,0.2464,0.335,0.2839,0.5439,67,605,195,133
Decision Tree,90:10,NearMiss,0.5128 ± 0.0299,0.536,0.2155,0.5,0.2974,0.5513,100,436,364,100
Decision Tree,90:10,ClusterCentroids,0.5110 ± 0.0305,0.536,0.2155,0.5,0.2974,0.5513,100,436,364,100
Decision Tree,90:10,ADASYN+Tomek,0.7208 ± 0.0195,0.701,0.2174,0.2,0.2083,0.5106,40,661,139,160
Decision Tree,90:10,Borderline+Tomek,0.7037 ± 0.0211,0.701,0.2449,0.24,0.2424,0.5258,48,653,147,152
DNN,80:20,Baseline,0.8000 ± 0.0000,0.8,0.0,0.0,0.0,0.5054,0,1600,0,400
DNN,80:20,SMOTE,0.6094 ± 0.1706,0.5365,0.2023,0.445,0.2781,0.5235,178,895,705,222
DNN,80:20,ADASYN,0.5986 ± 0.1293,0.6005,0.2241,0.3675,0.2784,0.5298,147,1054,546,253
DNN,80:20,RandomUnderSampler,0.5518 ± 0.0381,0.5595,0.2065,0.415,0.2758,0.5098,166,953,647,234
DNN,80:20,SMOTETomek,0.5843 ± 0.0963,0.548,0.2083,0.45,0.2797,0.5284,180,916,684,220
DNN,80:20,SMOTEENN,0.5739 ± 0.1192,0.456,0.1904,0.5075,0.2769,0.5085,203,709,891,197
DNN,80:20,NearMiss,0.5876 ± 0.1179,0.7935,0.2593,0.0175,0.0328,0.5075,7,1580,20,393
DNN,80:20,ClusterCentroids,0.6800 ± 0.0362,0.7565,0.152,0.0475,0.0724,0.5028,19,1494,106,381
DNN,80:20,ADASYN+Tomek,0.5122 ± 0.0884,0.6815,0.1985,0.195,0.1967,0.5031,78,1285,315,322
DNN,80:20,Borderline+Tomek,0.4971 ± 0.0763,0.6855,0.2145,0.215,0.2147,0.5019,86,1285,315,314
DNN,90:10,Baseline,0.8000 ± 0.0000,0.8,0.0,0.0,0.0,0.505,0,800,0,200
DNN,90:10,SMOTE,0.6729 ± 0.1706,0.697,0.2727,0.195,0.2274,0.5135,39,658,142,161
DNN,90:10,ADASYN,0.6868 ± 0.0898,0.716,0.2989,0.26,0.2781,0.5283,52,664,136,148
DNN,90:10,RandomUnderSampler,0.5369 ± 0.0406,0.562,0.2081,0.385,0.2702,0.5052,77,485,315,123
DNN,90:10,SMOTETomek,0.6394 ± 0.134,0.545,0.2148,0.48,0.2968,0.5202,96,449,351,104
DNN,90:10,SMOTEENN,0.6143 ± 0.1345,0.545,0.2173,0.49,0.2965,0.5241,98,447,353,102
DNN,90:10,NearMiss,0.8000 ± 0.0000,0.8,0.0,0.0,0.0,0.5218,0,800,0,200
DNN,90:10,ClusterCentroids,0.5498 ± 0.0548,0.676,0.1771,0.17,0.1735,0.4862,34,642,158,166
DNN,90:10,ADASYN+Tomek,0.5043 ± 0.0709,0.692,0.2158,0.205,0.2103,0.5069,41,651,149,159
DNN,90:10,Borderline+Tomek,0.6850 ± 0.0476,0.669,0.1866,0.195,0.1907,0.4741,39,630,170,161
Logistic Regression,80:20,Baseline,0.8000 ± 0.0000,0.8,0.0,0.0,0.0,0.4677,0,1600,0,400
Logistic Regression,80:20,SMOTE,0.5170 ± 0.0076,0.506,0.1797,0.4125,0.2504,0.4673,165,847,753,235
Logistic Regression,80:20,ADASYN,0.5046 ± 0.009,0.4995,0.182,0.43,0.2558,0.4712,172,827,773,228
Logistic Regression,80:20,RandomUnderSampler,0.5035 ± 0.0071,0.498,0.1848,0.4425,0.2607,0.4648,177,819,781,223
Logistic Regression,80:20,SMOTETomek,0.5164 ± 0.0072,0.506,0.1797,0.4125,0.2504,0.4671,165,847,753,235
Logistic Regression,80:20,SMOTEENN,0.2000 ± 0.0000,0.2,0.2,1.0,0.3333,0.4657,400,0,1600,0
Logistic Regression,80:20,NearMiss,0.5050 ± 0.0159,0.507,0.201,0.4925,0.2855,0.4778,201,813,787,199
Logistic Regression,80:20,ClusterCentroids,0.4862 ± 0.0081,0.5,0.1781,0.415,0.2492,0.4642,178,822,778,222
Logistic Regression,80:20,ADASYN+Tomek,0.5126 ± 0.0082,0.4995,0.1813,0.4275,0.2547,0.4711,181,818,782,219
Logistic Regression,80:20,Borderline+Tomek,0.5180 ± 0.0069,0.524,0.1835,0.4,0.2516,0.4664,183,865,735,217
Logistic Regression,90:10,Baseline,0.8000 ± 0.0000,0.8,0.0,0.0,0.0,0.4863,0,800,0,200
Logistic Regression,90:10,SMOTE,0.5118 ± 0.0091,0.512,0.1883,0.435,0.2628,0.4703,87,425,375,113
Logistic Regression,90:10,ADASYN,0.4901 ± 0.0101,0.504,0.2004,0.495,0.2853,0.496,99,405,395,101
Logistic Regression,90:10,RandomUnderSampler,0.4963 ± 0.0089,0.513,0.2077,0.51,0.2952,0.5109,102,411,389,98
Logistic Regression,90:10,SMOTETomek,0.5116 ± 0.0096,0.513,0.1901,0.44,0.2655,0.4699,88,425,375,112
Logistic Regression,90:10,SMOTEENN,0.2000 ± 0.0000,0.2,0.2,1.0,0.3333,0.5255,200,0,800,0
Logistic Regression,90:10,NearMiss,0.5119 ± 0.0243,0.531,0.2227,0.55,0.317,0.5193,110,421,379,90
Logistic Regression,90:10,ClusterCentroids,0.4963 ± 0.0089,0.513,0.2077,0.51,0.2952,0.5109,102,411,389,98
Logistic Regression,90:10,ADASYN+Tomek,0.4900 ± 0.0113,0.502,0.1996,0.495,0.2845,0.4947,99,403,397,101
Logistic Regression,90:10,Borderline+Tomek,0.5074 ± 0.0086,0.51,0.1983,0.475,0.2798,0.4665,95,415,385,105
MLP,80:20,Baseline,0.8000 ± 0.0000,0.8,0.0,0.0,0.0,0.4908,0,1600,0,400
MLP,80:20,SMOTE,0.5358 ± 0.1009,0.559,0.2081,0.4225,0.2789,0.5297,169,949,651,231
MLP,80:20,ADASYN,0.5015 ± 0.052,0.504,0.1872,0.445,0.2635,0.4938,178,830,770,222
MLP,80:20,RandomUnderSampler,0.5039 ± 0.0084,0.5055,0.189,0.4475,0.2647,0.4795,179,832,768,221
MLP,80:20,SMOTETomek,0.5445 ± 0.0596,0.542,0.2007,0.4275,0.2732,0.5147,171,913,687,229
MLP,80:20,SMOTEENN,0.5030 ± 0.081,0.428,0.1798,0.4975,0.2642,0.4756,199,657,943,201
MLP,80:20,NearMiss,0.5828 ± 0.1407,0.494,0.1947,0.505,0.281,0.5085,202,786,814,198
MLP,80:20,ClusterCentroids,0.6865 ± 0.0191,0.7395,0.2312,0.1925,0.2101,0.4735,77,1402,198,323
MLP,80:20,ADASYN+Tomek,0.5039 ± 0.0192,0.528,0.2105,0.48,0.2927,0.5323,192,864,736,208
MLP,80:20,Borderline+Tomek,0.5425 ± 0.1037,0.5475,0.1993,0.4125,0.2687,0.5042,165,930,670,235
MLP,90:10,Baseline,0.8000 ± 0.0000,0.8,0.0,0.0,0.0,0.5042,0,800,0,200
MLP,90:10,SMOTE,0.6179 ± 0.1504,0.551,0.2198,0.49,0.3013,0.5278,98,453,347,102
MLP,90:10,ADASYN,0.6276 ± 0.1018,0.546,0.2155,0.485,0.2985,0.5228,97,449,351,103
MLP,90:10,RandomUnderSampler,0.5230 ± 0.0267,0.521,0.2105,0.49,0.2917,0.5092,98,423,377,102
MLP,90:10,SMOTETomek,0.6558 ± 0.0768,0.56,0.2241,0.485,0.3065,0.5315,97,463,337,103
MLP,90:10,SMOTEENN,0.5303 ± 0.0818,0.551,0.2239,0.505,0.3013,0.5335,101,450,350,99
MLP,90:10,NearMiss,0.5284 ± 0.0573,0.523,0.2272,0.56,0.3232,0.5658,112,411,389,88
MLP,90:10,ClusterCentroids,0.6710 ± 0.1011,0.732,0.2581,0.24,0.2487,0.4728,48,684,116,152
MLP,90:10,ADASYN+Tomek,0.5630 ± 0.0963,0.509,0.1996,0.485,0.2828,0.5181,97,412,388,103
MLP,90:10,Borderline+Tomek,0.6698 ± 0.0863,0.635,0.2415,0.335,0.2806,0.5312,67,568,232,133
Random Forest,80:20,Baseline,0.8000 ± 0.0000,0.8,0.0,0.0,0.0,0.5042,0,1600,0,400
Random Forest,80:20,SMOTE,0.7938 ± 0.007,0.7915,0.3077,0.04,0.0708,0.501,16,1567,33,384
Random Forest,80:20,ADASYN,0.7892 ± 0.0075,0.785,0.2838,0.0525,0.0886,0.4955,21,1549,51,379
Random Forest,80:20,RandomUnderSampler,0.6274 ± 0.0093,0.6305,0.2521,0.4575,0.325,0.5694,183,1078,522,217
Random Forest,80:20,SMOTETomek,0.7925 ± 0.0084,0.787,0.2647,0.045,0.0769,0.4925,18,1556,44,382
Random Forest,80:20,SMOTEENN,0.6214 ± 0.0197,0.613,0.241,0.435,0.309,0.5504,174,1052,548,226
Random Forest,80:20,NearMiss,0.4975 ± 0.0354,0.528,0.2031,0.465,0.2827,0.516,186,870,730,214
Random Forest,80:20,ClusterCentroids,0.6274 ± 0.0093,0.6305,0.2521,0.4575,0.325,0.5694,183,1078,522,217
Random Forest,80:20,ADASYN+Tomek,0.7892 ± 0.0075,0.785,0.2838,0.0525,0.0886,0.4955,21,1549,51,379
Random Forest,80:20,Borderline+Tomek,0.7870 ± 0.0084,0.7765,0.2762,0.0725,0.1149,0.4972,29,1524,76,371
Random Forest,90:10,Baseline,0.8000 ± 0.0000,0.8,0.0,0.0,0.0,0.5057,0,800,0,200
Random Forest,90:10,SMOTE,0.7937 ± 0.0051,0.785,0.3548,0.055,0.0952,0.5262,11,774,26,189
Random Forest,90:10,ADASYN,0.7900 ± 0.008,0.787,0.3871,0.06,0.1039,0.5224,12,775,25,188
Random Forest,90:10,RandomUnderSampler,0.6457 ± 0.0141,0.654,0.281,0.485,0.3558,0.5898,97,557,243,103
Random Forest,90:10,SMOTETomek,0.7930 ± 0.0053,0.788,0.3704,0.05,0.0881,0.5161,10,778,22,190
Random Forest,90:10,SMOTEENN,0.6384 ± 0.019,0.654,0.2774,0.455,0.334,0.5784,91,563,237,109
Random Forest,90:10,NearMiss,0.5181 ± 0.0264,0.54,0.2227,0.51,0.31,0.5684,102,438,362,98
Random Forest,90:10,ClusterCentroids,0.6457 ± 0.0141,0.654,0.281,0.485,0.3558,0.5898,97,557,243,103
Random Forest,90:10,ADASYN+Tomek,0.7900 ± 0.008,0.787,0.3871,0.06,0.1039,0.5224,12,775,25,188
Random Forest,90:10,Borderline+Tomek,0.7847 ± 0.0069,0.772,0.2778,0.075,0.1181,0.5039,15,757,43,185
ResNet,80:20,Baseline,0.8000 ± 0.0000,0.8,0.0,0.0,0.0,0.4851,0,1600,0,400
ResNet,80:20,SMOTE,0.6015 ± 0.1348,0.544,0.2014,0.425,0.2733,0.5077,170,918,682,230
ResNet,80:20,ADASYN,0.5694 ± 0.1332,0.545,0.2043,0.4375,0.2785,0.5204,175,915,685,225
ResNet,80:20,RandomUnderSampler,0.5118 ± 0.0177,0.52,0.1901,0.43,0.2636,0.4878,172,868,732,228
ResNet,80:20,SMOTETomek,0.5256 ± 0.0913,0.5005,0.1837,0.44,0.2592,0.4947,176,825,775,224
ResNet,80:20,SMOTEENN,0.5331 ± 0.0559,0.5285,0.1932,0.4275,0.2662,0.501,171,886,714,229
ResNet,80:20,NearMiss,0.5238 ± 0.1051,0.5235,0.1982,0.4575,0.2766,0.4996,183,864,736,217
ResNet,80:20,ClusterCentroids,0.6850 ± 0.0543,0.776,0.1818,0.02,0.036,0.4875,8,1544,56,392
ResNet,80:20,ADASYN+Tomek,0.5316 ± 0.0768,0.567,0.2185,0.43,0.2898,0.5239,172,962,638,228
ResNet,80:20,Borderline+Tomek,0.5516 ± 0.1246,0.539,0.1993,0.425,0.2714,0.5029,170,908,692,230
ResNet,90:10,Baseline,0.8000 ± 0.0000,0.8,0.0,0.0,0.0,0.518,0,800,0,200
ResNet,90:10,SMOTE,0.6521 ± 0.1659,0.616,0.2368,0.315,0.2704,0.5311,63,553,247,137
ResNet,90:10,ADASYN,0.6698 ± 0.1332,0.598,0.2319,0.355,0.2806,0.5173,71,527,273,129
ResNet,90:10,RandomUnderSampler,0.5283 ± 0.0163,0.547,0.2195,0.495,0.2982,0.5272,99,448,352,101
ResNet,90:10,SMOTETomek,0.6186 ± 0.1469,0.545,0.2144,0.475,0.2955,0.5184,95,450,350,105
ResNet,90:10,SMOTEENN,0.5702 ± 0.0767,0.547,0.2185,0.495,0.2965,0.5272,99,448,352,101
ResNet,90:10,NearMiss,0.5843 ± 0.0722,0.578,0.2222,0.42,0.2907,0.5262,84,494,306,116
ResNet,90:10,ClusterCentroids,0.6865 ± 0.0632,0.665,0.2109,0.27,0.2368,0.4975,54,611,189,146
ResNet,90:10,ADASYN+Tomek,0.5630 ± 0.0632,0.543,0.2163,0.49,0.3002,0.5269,98,445,355,102
ResNet,90:10,Borderline+Tomek,0.6559 ± 0.1086,0.583,0.2215,0.35,0.2713,0.5113,70,513,287,130
TabNet,80:20,Baseline,0.8000 ± 0.0000,0.8,0.0,0.0,0.0,0.5,0,1600,0,400
TabNet,80:20,SMOTE,0.5606 ± 0.0336,0.584,0.2078,0.3975,0.2729,0.5097,159,1009,591,241
TabNet,80:20,ADASYN,0.5484 ± 0.0245,0.563,0.2069,0.4325,0.2799,0.5198,173,953,647,227
TabNet,80:20,RandomUnderSampler,0.5190 ± 0.0289,0.4995,0.1876,0.4525,0.2652,0.4952,181,818,782,219
TabNet,80:20,SMOTETomek,0.5513 ± 0.0345,0.568,0.2072,0.4225,0.278,0.5152,169,967,633,231
TabNet,80:20,SMOTEENN,0.4851 ± 0.0384,0.49,0.185,0.4675,0.2635,0.5126,187,793,807,213
TabNet,80:20,NearMiss,0.5283 ± 0.0224,0.485,0.1866,0.4875,0.2699,0.5052,195,775,825,205
TabNet,80:20,ClusterCentroids,0.5190 ± 0.0289,0.4995,0.1876,0.4525,0.2652,0.4952,181,818,782,219
TabNet,80:20,ADASYN+Tomek,0.5441 ± 0.0205,0.5545,0.2014,0.425,0.2733,0.5101,170,939,661,230
TabNet,80:20,Borderline+Tomek,0.5485 ± 0.0226,0.5595,0.2052,0.4325,0.2784,0.514,173,946,654,227
TabNet,90:10,Baseline,0.8000 ± 0.0000,0.8,0.0,0.0,0.0,0.5,0,800,0,200
TabNet,90:10,SMOTE,0.5668 ± 0.0385,0.591,0.2163,0.41,0.2832,0.5222,82,509,291,118
TabNet,90:10,ADASYN,0.5484 ± 0.046,0.584,0.2183,0.435,0.2907,0.5274,87,497,303,113
TabNet,90:10,RandomUnderSampler,0.5152 ± 0.0213,0.485,0.2,0.525,0.2857,0.5002,105,380,420,95
TabNet,90:10,SMOTETomek,0.5411 ± 0.0391,0.551,0.2052,0.435,0.2788,0.5069,87,464,336,113
TabNet,90:10,SMOTEENN,0.4974 ± 0.0337,0.5,0.2016,0.515,0.283,0.5057,103,397,403,97
TabNet,90:10,NearMiss,0.5020 ± 0.0432,0.493,0.2033,0.555,0.2976,0.5166,111,382,418,89
TabNet,90:10,ClusterCentroids,0.5152 ± 0.0213,0.485,0.2,0.525,0.2857,0.5002,105,380,420,95
TabNet,90:10,ADASYN+Tomek,0.5434 ± 0.0466,0.583,0.2132,0.42,0.2828,0.5211,84,499,301,116
TabNet,90:10,Borderline+Tomek,0.5469 ± 0.0245,0.574,0.2096,0.415,0.2785,0.5136,83,491,309,117
XGBoost,80:20,Baseline,0.7940 ± 0.0031,0.796,0.4,0.055,0.0967,0.5222,22,1570,30,378
XGBoost,80:20,SMOTE,0.7899 ± 0.0051,0.788,0.3077,0.07,0.1141,0.5126,28,1548,52,372
XGBoost,80:20,ADASYN,0.7865 ± 0.0079,0.7865,0.3267,0.0825,0.1317,0.5242,33,1540,60,367
XGBoost,80:20,RandomUnderSampler,0.5460 ± 0.0116,0.5405,0.2037,0.44,0.2785,0.519,176,905,695,224
XGBoost,80:20,SMOTETomek,0.7876 ± 0.0054,0.7885,0.3118,0.0725,0.1176,0.5146,29,1548,52,371
XGBoost,80:20,SMOTEENN,0.5315 ± 0.0125,0.523,0.1969,0.45,0.2711,0.505,180,866,734,220
XGBoost,80:20,NearMiss,0.4901 ± 0.0163,0.4855,0.1873,0.465,0.267,0.4939,186,785,815,214
XGBoost,80:20,ClusterCentroids,0.5460 ± 0.0116,0.5405,0.2037,0.44,0.2785,0.519,176,905,695,224
XGBoost,80:20,ADASYN+Tomek,0.7865 ± 0.0079,0.7865,0.3267,0.0825,0.1317,0.5242,33,1540,60,367
XGBoost,80:20,Borderline+Tomek,0.7846 ± 0.0051,0.783,0.3084,0.0825,0.1302,0.5142,33,1533,67,367
XGBoost,90:10,Baseline,0.7963 ± 0.0039,0.791,0.3478,0.04,0.0717,0.5385,8,783,17,192
XGBoost,90:10,SMOTE,0.7909 ± 0.0041,0.794,0.4286,0.06,0.1053,0.5367,12,782,18,188
XGBoost,90:10,ADASYN,0.7908 ± 0.0054,0.785,0.3529,0.06,0.1026,0.5218,12,773,27,188
XGBoost,90:10,RandomUnderSampler,0.5430 ± 0.011,0.541,0.2188,0.49,0.3025,0.5216,98,443,357,102
XGBoost,90:10,SMOTETomek,0.7902 ± 0.0042,0.789,0.3514,0.065,0.1097,0.518,13,776,24,187
XGBoost,90:10,SMOTEENN,0.5350 ± 0.0146,0.523,0.2096,0.5,0.2866,0.5143,100,423,377,100
XGBoost,90:10,NearMiss,0.4734 ± 0.0263,0.457,0.1982,0.555,0.2921,0.4942,111,346,454,89
XGBoost,90:10,ClusterCentroids,0.5430 ± 0.011,0.541,0.2188,0.49,0.3025,0.5216,98,443,357,102
XGBoost,90:10,ADASYN+Tomek,0.7908 ± 0.0054,0.785,0.3529,0.06,0.1026,0.5218,12,773,27,188
XGBoost,90:10,Borderline+Tomek,0.7884 ± 0.0044,0.791,0.4138,0.06,0.1048,0.5348,12,779,21,188
