Model,Split,Feature_Selection,Sampling,CV_Accuracy,CV_Std,Test_Accuracy,Precision,Recall,F1_Score,ROC_AUC,TP,TN,FP,FN
Decision Tree,80:20,Baseline,ClusterCentroids (Fold 1),0.2665,0.012928,0.277,0.203851,0.9,0.33241,0.522093,360.0,194.0,1406.0,40.0
Decision Tree,80:20,Baseline,SMOTEENN (Fold 2),0.402125,0.008483,0.4035,0.195702,0.6375,0.299472,0.485563,255.0,552.0,1048.0,145.0
Decision Tree,80:20,Baseline,RandomUnderSampler (Fold 3),0.501875,0.031835,0.5415,0.192628,0.405,0.26108,0.493742,162.0,921.0,679.0,238.0
Decision Tree,80:20,Baseline,NearMiss (Fold 4),0.555625,0.014727,0.5655,0.20354,0.4025,0.270361,0.508203,161.0,970.0,630.0,239.0
Decision Tree,80:20,Baseline,SMOTE (Fold 5),0.7105,0.032335,0.7305,0.223108,0.14,0.172043,0.508695,56.0,1405.0,195.0,344.0
Decision Tree,80:20,Baseline,SMOTETomek (Fold 2),0.71425,0.031411,0.736,0.219298,0.125,0.159236,0.485983,50.0,1422.0,178.0,350.0
Decision Tree,80:20,Baseline,ADASYN (Fold 3),0.728625,0.012781,0.738,0.193069,0.0975,0.129568,0.492916,39.0,1437.0,163.0,361.0
Decision Tree,80:20,Baseline,ADASYN + Tomek (Fold 3),0.732125,0.011757,0.738,0.193069,0.0975,0.129568,0.492916,39.0,1437.0,163.0,361.0
Decision Tree,80:20,Baseline,Borderline-2 + Tomek (Fold 4),0.716625,0.010455,0.744,0.202128,0.095,0.129252,0.484012,38.0,1450.0,150.0,362.0
Decision Tree,80:20,Baseline,Baseline (Fold 4),0.762875,0.00895,0.775,0.162162,0.03,0.050633,0.491369,12.0,1538.0,62.0,388.0
Decision Tree,90:10,Baseline,ClusterCentroids (Fold 3),0.267111,0.008069,0.28,0.197674,0.85,0.320755,0.482737,170.0,110.0,690.0,30.0
Decision Tree,90:10,Baseline,SMOTEENN (Fold 1),0.407889,0.020945,0.401,0.185827,0.59,0.282635,0.483166,118.0,283.0,517.0,82.0
Decision Tree,90:10,Baseline,RandomUnderSampler (Fold 4),0.485667,0.071364,0.54,0.179803,0.365,0.240924,0.478841,73.0,467.0,333.0,127.0
Decision Tree,90:10,Baseline,NearMiss (Fold 4),0.544778,0.020241,0.539,0.176179,0.355,0.235489,0.489234,71.0,468.0,332.0,129.0
Decision Tree,90:10,Baseline,ADASYN (Fold 3),0.732556,0.012994,0.757,0.273684,0.13,0.176271,0.550034,26.0,731.0,69.0,174.0
Decision Tree,90:10,Baseline,ADASYN + Tomek (Fold 3),0.732333,0.013121,0.76,0.267442,0.115,0.160839,0.533484,23.0,737.0,63.0,177.0
Decision Tree,90:10,Baseline,SMOTETomek (Fold 5),0.729111,0.013943,0.758,0.216216,0.08,0.116788,0.534106,16.0,742.0,58.0,184.0
Decision Tree,90:10,Baseline,SMOTE (Fold 5),0.737333,0.008885,0.756,0.202703,0.075,0.109489,0.533369,15.0,741.0,59.0,185.0
Decision Tree,90:10,Baseline,Borderline-2 + Tomek (Fold 2),0.728444,0.018907,0.754,0.197368,0.075,0.108696,0.491531,15.0,739.0,61.0,185.0
Decision Tree,90:10,Baseline,Baseline (Fold 1),0.770222,0.007719,0.788,0.342105,0.065,0.109244,0.513794,13.0,775.0,25.0,187.0
DNN,80:20,Baseline,SMOTEENN (Fold 1),0.20125,0.00163,0.2005,0.199197,0.9925,0.331801,0.498251,397.0,4.0,1596.0,3.0
DNN,80:20,Baseline,ADASYN (Fold 5),0.524875,0.055497,0.536,0.189412,0.4025,0.2576,0.481106,161.0,911.0,689.0,239.0
DNN,80:20,Baseline,Borderline-2 + Tomek (Fold 4),0.483375,0.071248,0.568,0.197917,0.38,0.260274,0.494212,152.0,984.0,616.0,248.0
DNN,80:20,Baseline,ADASYN + Tomek (Fold 5),0.531,0.063698,0.577,0.198649,0.3675,0.257895,0.509592,147.0,1007.0,593.0,253.0
DNN,80:20,Baseline,SMOTE (Fold 5),0.471,0.097273,0.5985,0.197901,0.33,0.247423,0.498959,132.0,1065.0,535.0,268.0
DNN,80:20,Baseline,SMOTETomek (Fold 1),0.536125,0.053723,0.5905,0.183056,0.3025,0.228087,0.486936,121.0,1060.0,540.0,279.0
DNN,80:20,Baseline,ClusterCentroids (Fold 4),0.724875,0.033439,0.7715,0.25641,0.075,0.116054,0.494156,30.0,1513.0,87.0,370.0
DNN,80:20,Baseline,NearMiss (Fold 4),0.678375,0.093511,0.7635,0.193277,0.0575,0.088632,0.534262,23.0,1504.0,96.0,377.0
DNN,80:20,Baseline,RandomUnderSampler (Fold 1),0.598625,0.152645,0.7585,0.151261,0.045,0.069364,0.475643,18.0,1499.0,101.0,382.0
DNN,80:20,Baseline,None (Baseline),0.8,0.0,0.8,0.0,0.0,0.0,0.46865,0.0,1600.0,0.0,400.0
DNN,90:10,Baseline,SMOTEENN (Fold 5),0.207333,0.013848,0.246,0.201509,0.935,0.33156,0.489087,187.0,59.0,741.0,13.0
DNN,90:10,Baseline,SMOTETomek (Fold 5),0.521778,0.070851,0.613,0.208723,0.335,0.257198,0.487025,67.0,546.0,254.0,133.0
DNN,90:10,Baseline,ADASYN (Fold 3),0.472444,0.066691,0.574,0.182584,0.325,0.233813,0.488625,65.0,509.0,291.0,135.0
DNN,90:10,Baseline,ADASYN + Tomek (Fold 4),0.485444,0.050432,0.546,0.169271,0.325,0.222603,0.445456,65.0,481.0,319.0,135.0
DNN,90:10,Baseline,Borderline-2 + Tomek (Fold 3),0.55,0.033465,0.563,0.168067,0.3,0.21544,0.467944,60.0,503.0,297.0,140.0
DNN,90:10,Baseline,SMOTE (Fold 1),0.529444,0.086239,0.638,0.208633,0.29,0.242678,0.508038,58.0,580.0,220.0,142.0
DNN,90:10,Baseline,ClusterCentroids (Fold 2),0.612444,0.077177,0.723,0.254777,0.2,0.22409,0.549731,40.0,683.0,117.0,160.0
DNN,90:10,Baseline,NearMiss (Fold 2),0.589778,0.08591,0.718,0.226667,0.17,0.194286,0.543944,34.0,684.0,116.0,166.0
DNN,90:10,Baseline,RandomUnderSampler (Fold 3),0.518333,0.10891,0.724,0.198413,0.125,0.153374,0.511563,25.0,699.0,101.0,175.0
DNN,90:10,Baseline,None (Baseline),0.8,0.0,0.8,0.0,0.0,0.0,0.515506,0.0,800.0,0.0,200.0
Logistic Regression,80:20,Baseline,SMOTEENN (Fold 1),0.2,0.0,0.2,0.2,1.0,0.333333,0.470545,400.0,0.0,1600.0,0.0
Logistic Regression,80:20,Baseline,NearMiss (Fold 5),0.5015,0.018117,0.508,0.20082,0.49,0.284884,0.500577,196.0,820.0,780.0,204.0
Logistic Regression,80:20,Baseline,ADASYN (Fold 2),0.504625,0.009028,0.5015,0.190031,0.4575,0.268525,0.465545,183.0,820.0,780.0,217.0
Logistic Regression,80:20,Baseline,ADASYN + Tomek (Fold 4),0.50575,0.009112,0.503,0.189331,0.4525,0.266962,0.476127,181.0,825.0,775.0,219.0
Logistic Regression,80:20,Baseline,RandomUnderSampler (Fold 2),0.5035,0.007144,0.508,0.189362,0.445,0.265672,0.476484,178.0,838.0,762.0,222.0
Logistic Regression,80:20,Baseline,SMOTE (Fold 4),0.517,0.007577,0.5165,0.191513,0.44,0.266869,0.468538,176.0,857.0,743.0,224.0
Logistic Regression,80:20,Baseline,SMOTETomek (Fold 4),0.516375,0.007196,0.516,0.189278,0.4325,0.263318,0.468819,173.0,859.0,741.0,227.0
Logistic Regression,80:20,Baseline,ClusterCentroids (Fold 5),0.51425,0.01286,0.5035,0.179459,0.415,0.250566,0.464481,166.0,841.0,759.0,234.0
Logistic Regression,80:20,Baseline,Borderline-2 + Tomek (Fold 5),0.53775,0.013197,0.5185,0.1812,0.4,0.249415,0.465955,160.0,877.0,723.0,240.0
Logistic Regression,80:20,Baseline,None (Baseline),0.8,0.0,0.8,0.0,0.0,0.0,0.469383,0.0,1600.0,0.0,400.0
Logistic Regression,90:10,Baseline,SMOTEENN (Fold 1),0.2,0.0,0.2,0.2,1.0,0.333333,0.499131,200.0,0.0,800.0,0.0
Logistic Regression,90:10,Baseline,NearMiss (Fold 5),0.495111,0.009084,0.52,0.211934,0.515,0.300292,0.516106,103.0,417.0,383.0,97.0
Logistic Regression,90:10,Baseline,ADASYN (Fold 2),0.490111,0.010149,0.517,0.197002,0.46,0.275862,0.492506,92.0,425.0,375.0,108.0
Logistic Regression,90:10,Baseline,ADASYN + Tomek (Fold 2),0.491333,0.01089,0.519,0.197849,0.46,0.276692,0.493125,92.0,427.0,373.0,108.0
Logistic Regression,90:10,Baseline,RandomUnderSampler (Fold 3),0.496333,0.008858,0.485,0.181818,0.45,0.258993,0.465731,90.0,395.0,405.0,110.0
Logistic Regression,90:10,Baseline,Borderline-2 + Tomek (Fold 1),0.526556,0.00986,0.541,0.203661,0.445,0.279435,0.504319,89.0,452.0,348.0,111.0
Logistic Regression,90:10,Baseline,SMOTE (Fold 3),0.511778,0.009145,0.498,0.182773,0.435,0.257396,0.462625,87.0,411.0,389.0,113.0
Logistic Regression,90:10,Baseline,SMOTETomek (Fold 3),0.511556,0.009625,0.498,0.182773,0.435,0.257396,0.463069,87.0,411.0,389.0,113.0
Logistic Regression,90:10,Baseline,ClusterCentroids (Fold 2),0.507556,0.005639,0.519,0.18847,0.425,0.261137,0.492756,85.0,434.0,366.0,115.0
Logistic Regression,90:10,Baseline,None (Baseline),0.8,0.0,0.8,0.0,0.0,0.0,0.515025,0.0,800.0,0.0,200.0
Random Forest,80:20,Baseline,None (Baseline),0.799875,0.00025,0.8,0.0,0.0,0.0,0.487355,0.0,1600.0,0.0,400.0
Random Forest,80:20,Baseline,SMOTE (Fold 3),0.796625,0.001287,0.7965,0.230769,0.0075,0.014528,0.501978,3.0,1590.0,10.0,397.0
Random Forest,80:20,Baseline,ADASYN (Fold 5),0.795875,0.002784,0.796,0.214286,0.0075,0.014493,0.50379,3.0,1589.0,11.0,397.0
Random Forest,80:20,Baseline,RandomUnderSampler (Fold 3),0.51525,0.01044,0.5015,0.19195,0.465,0.271731,0.482758,186.0,817.0,783.0,214.0
Random Forest,80:20,Baseline,SMOTETomek,0.79675,0.00225,0.7965,0.0,0.0,0.0,0.51917,0.0,1593.0,7.0,400.0
Random Forest,80:20,Baseline,SMOTEENN,0.4785,0.01047,0.466,0.191312,0.5175,0.279352,0.475305,207.0,725.0,875.0,193.0
Random Forest,80:20,Baseline,NearMiss (Fold 5),0.38725,0.006944,0.383,0.2,0.695,0.310615,0.51755,278.0,488.0,1112.0,122.0
Random Forest,80:20,Baseline,ClusterCentroids,0.92125,0.009302,0.1995,0.1996,0.9975,0.332639,0.486552,399.0,0.0,1600.0,1.0
Random Forest,80:20,Baseline,ADASYN+Tomek,0.892754,0.00318,0.7965,0.111111,0.0025,0.00489,0.501802,1.0,1592.0,8.0,399.0
Random Forest,80:20,Baseline,BorderlineSMOTE+Tomek,0.923487,0.005882,0.799,0.333333,0.005,0.009852,0.501048,2.0,1596.0,4.0,398.0
Random Forest,90:10,Baseline,None (Baseline),0.800111,0.000222,0.8,0.0,0.0,0.0,0.519191,0.0,800.0,0.0,200.0
Random Forest,90:10,Baseline,SMOTE (Fold 2),0.796444,0.000567,0.801,0.6,0.015,0.029268,0.514147,3.0,798.0,2.0,197.0
Random Forest,90:10,Baseline,ADASYN (Fold 2),0.796667,0.000609,0.799,0.4,0.01,0.019512,0.538775,2.0,797.0,3.0,198.0
Random Forest,90:10,Baseline,RandomUnderSampler (Fold 4),0.502111,0.005322,0.512,0.194915,0.46,0.27381,0.490856,92.0,420.0,380.0,108.0
Random Forest,90:10,Baseline,SMOTETomek,0.796222,0.000889,0.799,0.0,0.0,0.0,0.524687,0.0,799.0,1.0,200.0
Random Forest,90:10,Baseline,SMOTEENN,0.485667,0.01268,0.493,0.213084,0.57,0.310204,0.504366,114.0,379.0,421.0,86.0
Random Forest,90:10,Baseline,NearMiss (Fold 1),0.380444,0.005368,0.416,0.22093,0.76,0.342342,0.536363,152.0,264.0,536.0,48.0
Random Forest,90:10,Baseline,ClusterCentroids,0.926389,0.008696,0.199,0.199199,0.995,0.331943,0.4939,199.0,0.0,800.0,1.0
Random Forest,90:10,Baseline,ADASYN+Tomek,0.89242,0.004451,0.796,0.0,0.0,0.0,0.525322,0.0,796.0,4.0,200.0
Random Forest,90:10,Baseline,BorderlineSMOTE+Tomek,0.917179,0.005132,0.8,0.0,0.0,0.0,0.52915,0.0,800.0,0.0,200.0
ResNet,80:20,Baseline,SMOTEENN (Fold 1),0.249125,0.059573,0.364,0.205007,0.7575,0.322684,0.485,303.0,425.0,1175.0,97.0
ResNet,80:20,Baseline,ClusterCentroids (Fold 3),0.487875,0.038047,0.5635,0.210526,0.43,0.282662,0.515031,172.0,955.0,645.0,228.0
ResNet,80:20,Baseline,NearMiss (Fold 2),0.495625,0.031652,0.539,0.18705,0.39,0.252836,0.47803,156.0,922.0,678.0,244.0
ResNet,80:20,Baseline,RandomUnderSampler (Fold 3),0.524,0.034615,0.575,0.190083,0.345,0.245115,0.506259,138.0,1012.0,588.0,262.0
ResNet,80:20,Baseline,Borderline2 + Tomek (Fold 5),0.622,0.017086,0.6335,0.191095,0.2575,0.219382,0.494013,103.0,1164.0,436.0,297.0
ResNet,80:20,Baseline,ADASYN + Tomek (Fold 1),0.64075,0.012301,0.6205,0.175407,0.2425,0.203568,0.467056,97.0,1144.0,456.0,303.0
ResNet,80:20,Baseline,SMOTE (Fold 5),0.668875,0.024256,0.6835,0.209476,0.21,0.209738,0.526431,84.0,1283.0,317.0,316.0
ResNet,80:20,Baseline,SMOTETomek (Fold 3),0.655125,0.023909,0.678,0.195,0.195,0.195,0.500044,78.0,1278.0,322.0,322.0
ResNet,80:20,Baseline,ADASYN (Fold 1),0.628625,0.033289,0.659,0.156098,0.16,0.158025,0.446081,64.0,1254.0,346.0,336.0
ResNet,80:20,Baseline,None (Baseline),0.8,0.0,0.8,0.0,0.0,0.0,0.500505,0.0,1600.0,0.0,400.0
ResNet,90:10,Baseline,SMOTEENN (Fold 4),0.318333,0.012187,0.332,0.203797,0.805,0.325253,0.504581,161.0,171.0,629.0,39.0
ResNet,90:10,Baseline,ClusterCentroids (Fold 2),0.384111,0.047358,0.433,0.177504,0.505,0.262679,0.460363,101.0,332.0,468.0,99.0
ResNet,90:10,Baseline,NearMiss (Fold 5),0.488444,0.041071,0.559,0.203931,0.415,0.273476,0.503138,83.0,476.0,324.0,117.0
ResNet,90:10,Baseline,RandomUnderSampler (Fold 5),0.584111,0.030306,0.614,0.194079,0.295,0.234127,0.475819,59.0,555.0,245.0,141.0
ResNet,90:10,Baseline,SMOTE (Fold 5),0.652889,0.007992,0.641,0.195402,0.255,0.221258,0.496887,51.0,590.0,210.0,149.0
ResNet,90:10,Baseline,ADASYN (Fold 2),0.643444,0.006951,0.638,0.188462,0.245,0.213043,0.492481,49.0,589.0,211.0,151.0
ResNet,90:10,Baseline,SMOTETomek (Fold 3),0.640111,0.009437,0.663,0.208511,0.245,0.225287,0.505944,49.0,614.0,186.0,151.0
ResNet,90:10,Baseline,Borderline2 + Tomek (Fold 4),0.619333,0.019217,0.647,0.195219,0.245,0.217295,0.500494,49.0,598.0,202.0,151.0
ResNet,90:10,Baseline,ADASYN + Tomek (Fold 3),0.637333,0.027974,0.656,0.178571,0.2,0.188679,0.470513,40.0,616.0,184.0,160.0
ResNet,90:10,Baseline,None (Baseline),0.8,0.0,0.8,0.0,0.0,0.0,0.510294,0.0,800.0,0.0,200.0
TabNet,80:20,Baseline,None (Baseline),0.73825,0.077029,0.8,0.0,0.0,0.0,0.514595,,,,
TabNet,80:20,Baseline,SMOTE,0.595375,0.025145,0.614,0.213846,0.3475,0.264762,0.517798,,,,
TabNet,80:20,Baseline,ADASYN,0.649125,0.027342,0.6555,0.178174,0.2,0.188457,0.493102,,,,
TabNet,80:20,Baseline,RandomUnderSampler,0.408375,0.027641,0.428,0.200483,0.6225,0.303289,0.50905,,,,
TabNet,80:20,Baseline,SMOTETomek,0.633375,0.0194,0.612,0.199681,0.3125,0.243665,0.512877,,,,
TabNet,80:20,Baseline,SMOTEENN,0.336375,0.052031,0.4095,0.203042,0.6675,0.31137,0.502912,,,,
TabNet,80:20,Baseline,NearMiss,0.356375,0.035396,0.3725,0.203331,0.7325,0.318305,0.521912,,,,
TabNet,80:20,Baseline,ClusterCentroids,0.310625,0.045273,0.3635,0.204868,0.7575,0.322512,0.505943,,,,
TabNet,80:20,Baseline,ADASYN+Tomek,0.636375,0.056443,0.6695,0.162791,0.1575,0.160102,0.471368,,,,
TabNet,80:20,Baseline,Borderline+Tomek,0.617625,0.098982,0.7545,0.097345,0.0275,0.042885,0.469625,,,,
TabNet,90:10,Baseline,None (Baseline),0.784333,0.029956,0.8,0.0,0.0,0.0,0.5058,,,,
TabNet,90:10,Baseline,SMOTE,0.718111,0.042985,0.772,0.208333,0.05,0.080645,0.510725,,,,
TabNet,90:10,Baseline,ADASYN,0.625222,0.059569,0.681,0.215311,0.225,0.220049,0.511044,,,,
TabNet,90:10,Baseline,RandomUnderSampler,0.467,0.059796,0.514,0.18913,0.435,0.263636,0.501194,,,,
TabNet,90:10,Baseline,SMOTETomek,0.590333,0.006311,0.575,0.183099,0.325,0.234234,0.497181,,,,
TabNet,90:10,Baseline,SMOTEENN,0.304222,0.03155,0.34,0.200521,0.77,0.318182,0.502694,,,,
TabNet,90:10,Baseline,NearMiss,0.441889,0.051297,0.512,0.193617,0.455,0.271642,0.515688,,,,
TabNet,90:10,Baseline,ClusterCentroids,0.327333,0.068309,0.406,0.203313,0.675,0.3125,0.519497,,,,
TabNet,90:10,Baseline,ADASYN+Tomek,0.550556,0.133882,0.696,0.217391,0.2,0.208333,0.491006,,,,
TabNet,90:10,Baseline,Borderline+Tomek,0.532333,0.062414,0.632,0.171875,0.22,0.192982,0.473156,,,,
XGBoost,80:20,Baseline,None (Baseline),0.799125,0.001403,0.7995,0.333333,0.0025,0.004963,0.471533,,,,
XGBoost,80:20,Baseline,SMOTE,0.7965,0.001879,0.798,0.166667,0.0025,0.004926,0.495327,,,,
XGBoost,80:20,Baseline,ADASYN,0.797375,0.000729,0.796,0.0,0.0,0.0,0.488909,,,,
XGBoost,80:20,Baseline,RandomUnderSampler,0.494375,0.022354,0.4985,0.192661,0.4725,0.273715,0.494325,,,,
XGBoost,80:20,Baseline,SMOTETomek,0.798,0.0015,0.7965,0.230769,0.0075,0.014528,0.483523,,,,
XGBoost,80:20,Baseline,SMOTEENN,0.5245,0.013178,0.522,0.194505,0.4425,0.270229,0.504834,,,,
XGBoost,80:20,Baseline,NearMiss,0.390875,0.008203,0.391,0.199265,0.6775,0.307955,0.508578,,,,
XGBoost,80:20,Baseline,ADASYN+Tomek,0.797875,0.000306,0.7985,0.285714,0.005,0.009828,0.481339,,,,
XGBoost,80:20,Baseline,Borderline+Tomek,0.795125,0.001992,0.7955,0.0,0.0,0.0,0.480972,,,,
XGBoost,90:10,Baseline,None (Baseline),0.797778,0.001315,0.799,0.0,0.0,0.0,0.488262,,,,
XGBoost,90:10,Baseline,SMOTE,0.798889,0.000994,0.8,0.0,0.0,0.0,0.527756,,,,
XGBoost,90:10,Baseline,ADASYN,0.799111,0.000667,0.802,1.0,0.01,0.019802,0.510231,,,,
XGBoost,90:10,Baseline,RandomUnderSampler,0.494556,0.005204,0.51,0.213439,0.54,0.305949,0.520719,,,,
XGBoost,90:10,Baseline,SMOTETomek,0.797778,0.001267,0.797,0.0,0.0,0.0,0.5241,,,,
XGBoost,90:10,Baseline,SMOTEENN,0.537,0.005748,0.525,0.200436,0.46,0.279211,0.505656,,,,
XGBoost,90:10,Baseline,NearMiss,0.383,0.002713,0.401,0.21045,0.725,0.326209,0.549406,,,,
XGBoost,90:10,Baseline,ADASYN+Tomek,0.799444,0.001267,0.799,0.0,0.0,0.0,0.4939,,,,
XGBoost,90:10,Baseline,Borderline+Tomek,0.795,0.002383,0.797,0.2,0.005,0.009756,0.510306,,,,
MLP,80:20,Baseline,None (Baseline),0.8,0.0,0.8,0.0,0.0,0.0,0.475529,,,,
MLP,80:20,Baseline,SMOTE,0.502,0.1316,0.663,0.206009,0.24,0.221709,0.511381,,,,
MLP,80:20,Baseline,ADASYN,0.483375,0.106897,0.6235,0.188713,0.2675,0.221303,0.498242,,,,
MLP,80:20,Baseline,RandomUnderSampler,0.645125,0.118472,0.784,0.136364,0.015,0.027027,0.506255,,,,
MLP,80:20,Baseline,SMOTETomek,0.60075,0.03595,0.6245,0.192644,0.275,0.226571,0.487359,,,,
MLP,80:20,Baseline,SMOTEENN,0.23175,0.036093,0.2905,0.199764,0.8475,0.323319,0.474303,,,,
MLP,80:20,Baseline,NearMiss,0.728438,0.019995,0.798,0.25,0.005,0.009804,0.49747,,,,
MLP,80:20,Baseline,ClusterCentroids,0.690625,0.01934,0.7965,0.181818,0.005,0.009732,0.503467,,,,
MLP,80:20,Baseline,ADASYN+Tomek,0.518625,0.092159,0.68,0.190722,0.185,0.187817,0.504014,,,,
MLP,80:20,Baseline,Borderline+Tomek,0.520125,0.080068,0.6785,0.218097,0.235,0.226233,0.51128,,,,
MLP,90:10,Baseline,None (Baseline),0.8,0.0,0.8,0.0,0.0,0.0,0.506975,,,,
MLP,90:10,Baseline,SMOTE,0.563556,0.090173,0.639,0.205128,0.28,0.236786,0.503644,,,,
MLP,90:10,Baseline,ADASYN,0.501333,0.081766,0.655,0.220077,0.285,0.248366,0.529475,,,,
MLP,90:10,Baseline,RandomUnderSampler,0.551,0.098866,0.683,0.227907,0.245,0.236145,0.494938,,,,
MLP,90:10,Baseline,SMOTETomek,0.566,0.087588,0.627,0.212625,0.32,0.255489,0.503188,,,,
MLP,90:10,Baseline,SMOTEENN,0.200444,0.000648,0.202,0.199799,0.995,0.332776,0.463763,,,,
MLP,90:10,Baseline,NearMiss,0.732222,0.010297,0.8,0.0,0.0,0.0,0.5158,,,,
MLP,90:10,Baseline,ClusterCentroids,0.673611,0.034032,0.781,0.172414,0.025,0.043668,0.440756,,,,
MLP,90:10,Baseline,ADASYN+Tomek,0.480667,0.112422,0.683,0.235294,0.26,0.247031,0.523344,,,,
MLP,90:10,Baseline,Borderline+Tomek,0.487667,0.097175,0.658,0.165094,0.175,0.169903,0.466762,,,,
Logistic Regression,90:10,FS_LR,SMOTEENN (Fold 5),,,0.201,0.198995,0.99,0.331381,0.498606,,,,
Logistic Regression,90:10,FS_LR,NearMiss (Fold 2),,,0.493,0.210923,0.56,0.30643,0.528256,,,,
Logistic Regression,90:10,FS_LR,ADASYN (Fold 3),,,0.512,0.202479,0.49,0.28655,0.493912,,,,
Logistic Regression,90:10,FS_LR,RandomUnderSampler (Fold 2),,,0.494,0.194,0.485,0.277143,0.478975,,,,
Logistic Regression,90:10,FS_LR,SMOTETomek (Fold 3),,,0.531,0.205689,0.47,0.286149,0.49865,,,,
Logistic Regression,90:10,FS_LR,SMOTE (Fold 1),,,0.525,0.201735,0.465,0.281392,0.4868,,,,
Logistic Regression,90:10,FS_LR,ClusterCentroids (Fold 2),,,0.525,0.200436,0.46,0.279211,0.4943,,,,
Logistic Regression,90:10,FS_LR,ADASYN + Tomek (Fold 3),,,0.55,0.210648,0.455,0.287975,0.492987,,,,
Logistic Regression,90:10,FS_LR,Borderline-2 + Tomek (Fold 3),,,0.56,0.198492,0.395,0.264214,0.4886,,,,
Logistic Regression,90:10,FS_LR,None (Baseline),,,0.8,0.0,0.0,0.0,0.491137,,,,
Decision Tree,90:10,FS_LR,SMOTEENN (Fold 2),,,0.472,0.207143,0.58,0.305263,0.523741,,,,
Decision Tree,90:10,FS_LR,Borderline-2 + Tomek (Fold 4),,,0.56,0.212919,0.445,0.288026,0.521459,,,,
Decision Tree,90:10,FS_LR,NearMiss (Fold 5),,,0.624,0.231707,0.38,0.287879,0.512559,,,,
Decision Tree,90:10,FS_LR,ClusterCentroids (Fold 3),,,0.601,0.216524,0.38,0.275862,0.527219,,,,
Decision Tree,90:10,FS_LR,RandomUnderSampler (Fold 3),,,0.577,0.196185,0.36,0.253968,0.490478,,,,
Decision Tree,90:10,FS_LR,ADASYN + Tomek (Fold 3),,,0.605,0.192429,0.305,0.235977,0.510506,,,,
Decision Tree,90:10,FS_LR,ADASYN (Fold 4),,,0.685,0.246696,0.28,0.262295,0.537431,,,,
Decision Tree,90:10,FS_LR,SMOTETomek (Fold 2),,,0.694,0.235,0.235,0.235,0.539559,,,,
Decision Tree,90:10,FS_LR,SMOTE (Fold 2),,,0.69,0.227723,0.23,0.228856,0.529984,,,,
Decision Tree,90:10,FS_LR,Baseline (Fold 1),,,0.777,0.219512,0.045,0.074689,0.505269,,,,
Random Forest,90:10,FS_LR,None (Baseline),,,0.8,0.0,0.0,0.0,0.537163,,,,
Random Forest,90:10,FS_LR,SMOTE (Fold 4),,,0.754,0.255319,0.12,0.163265,0.522212,,,,
Random Forest,90:10,FS_LR,ADASYN (Fold 4),,,0.749,0.257143,0.135,0.177049,0.530063,,,,
Random Forest,90:10,FS_LR,RandomUnderSampler (Fold 5),,,0.528,0.210638,0.495,0.295522,0.488147,,,,
Random Forest,90:10,FS_LR,SMOTETomek,,,0.744,0.202128,0.095,0.129252,0.528803,,,,
Random Forest,90:10,FS_LR,SMOTEENN,,,0.574,0.210256,0.41,0.277966,0.519769,,,,
Random Forest,90:10,FS_LR,NearMiss (Fold 1),,,0.382,0.208101,0.745,0.325328,0.517888,,,,
Random Forest,90:10,FS_LR,ClusterCentroids,,,0.432,0.213396,0.685,0.325416,0.532784,,,,
Random Forest,90:10,FS_LR,ADASYN+Tomek,,,0.754,0.27,0.135,0.18,0.528025,,,,
Random Forest,90:10,FS_LR,BorderlineSMOTE+Tomek,,,0.758,0.243902,0.1,0.141844,0.506788,,,,
XGBoost,90:10,FS_LR,None (Baseline),,,0.798,0.25,0.005,0.009804,0.497025,,,,
XGBoost,90:10,FS_LR,SMOTE,,,0.749,0.296,0.185,0.227692,0.548037,,,,
XGBoost,90:10,FS_LR,ADASYN,,,0.737,0.221239,0.125,0.159744,0.534956,,,,
XGBoost,90:10,FS_LR,RandomUnderSampler,,,0.486,0.198077,0.515,0.286111,0.487187,,,,
XGBoost,90:10,FS_LR,ClusterCentroids,,,0.35,0.200798,0.755,0.317227,0.502613,,,,
XGBoost,90:10,FS_LR,SMOTETomek,,,0.732,0.230159,0.145,0.177914,0.514281,,,,
XGBoost,90:10,FS_LR,SMOTEENN,,,0.508,0.211462,0.535,0.303116,0.523481,,,,
XGBoost,90:10,FS_LR,NearMiss,,,0.387,0.211189,0.755,0.330055,0.513113,,,,
XGBoost,90:10,FS_LR,ADASYN+Tomek,,,0.747,0.242718,0.125,0.165017,0.542006,,,,
XGBoost,90:10,FS_LR,Borderline+Tomek,,,0.682,0.219048,0.23,0.22439,0.52545,,,,
MLP,90:10,FS_LR,None (Baseline),,,0.8,0.0,0.0,0.0,0.498769,,,,
MLP,90:10,FS_LR,SMOTE,,,0.583,0.210667,0.395,0.274783,0.517388,,,,
MLP,90:10,FS_LR,ADASYN,,,0.522,0.211618,0.51,0.29912,0.526263,,,,
MLP,90:10,FS_LR,RandomUnderSampler,,,0.797,0.285714,0.01,0.019324,0.537781,,,,
MLP,90:10,FS_LR,SMOTETomek,,,0.545,0.19715,0.415,0.267311,0.507844,,,,
MLP,90:10,FS_LR,SMOTEENN,,,0.228,0.202083,0.97,0.334483,0.49895,,,,
MLP,90:10,FS_LR,NearMiss,,,0.479,0.211849,0.59,0.311757,0.518012,,,,
MLP,90:10,FS_LR,ClusterCentroids,,,0.785,0.142857,0.015,0.027149,0.470175,,,,
MLP,90:10,FS_LR,ADASYN+Tomek,,,0.795,0.0,0.0,0.0,0.504325,,,,
MLP,90:10,FS_LR,Borderline+Tomek,,,0.653,0.214008,0.275,0.2407,0.508687,,,,
DNN,90:10,FS_LR,SMOTEENN (Fold 3),,,0.278,0.201373,0.88,0.327747,0.491881,,,,
DNN,90:10,FS_LR,SMOTETomek (Fold 3),,,0.557,0.184416,0.355,0.242735,0.495781,,,,
DNN,90:10,FS_LR,SMOTE (Fold 1),,,0.589,0.195965,0.34,0.248629,0.496119,,,,
DNN,90:10,FS_LR,ADASYN + Tomek (Fold 3),,,0.606,0.202454,0.33,0.250951,0.511075,,,,
DNN,90:10,FS_LR,ADASYN (Fold 3),,,0.642,0.221831,0.315,0.260331,0.529037,,,,
DNN,90:10,FS_LR,ClusterCentroids (Fold 2),,,0.668,0.179612,0.185,0.182266,0.499769,,,,
DNN,90:10,FS_LR,Borderline-2 + Tomek (Fold 4),,,0.723,0.234483,0.17,0.197101,0.524481,,,,
DNN,90:10,FS_LR,RandomUnderSampler (Fold 3),,,0.755,0.228916,0.095,0.134276,0.526356,,,,
DNN,90:10,FS_LR,NearMiss (Fold 2),,,0.729,0.15534,0.08,0.105611,0.486291,,,,
DNN,90:10,FS_LR,None (Baseline),,,0.8,0.0,0.0,0.0,0.477641,,,,
ResNet,90:10,FS_LR,SMOTEENN (Fold 1),,,0.392,0.195522,0.655,0.301149,0.486219,,,,
ResNet,90:10,FS_LR,NearMiss (Fold 4),,,0.554,0.195545,0.395,0.261589,0.508569,,,,
ResNet,90:10,FS_LR,RandomUnderSampler (Fold 2),,,0.57,0.19086,0.355,0.248252,0.493837,,,,
ResNet,90:10,FS_LR,Borderline2 + Tomek (Fold 5),,,0.637,0.229236,0.345,0.275449,0.523219,,,,
ResNet,90:10,FS_LR,SMOTETomek (Fold 1),,,0.613,0.197411,0.305,0.239686,0.510613,,,,
ResNet,90:10,FS_LR,SMOTE (Fold 1),,,0.61,0.193548,0.3,0.235294,0.49555,,,,
ResNet,90:10,FS_LR,ADASYN (Fold 4),,,0.639,0.21147,0.295,0.246347,0.527088,,,,
ResNet,90:10,FS_LR,ClusterCentroids (Fold 2),,,0.637,0.172691,0.215,0.191537,0.456069,,,,
ResNet,90:10,FS_LR,ADASYN + Tomek (Fold 4),,,0.705,0.167832,0.12,0.139942,0.498878,,,,
ResNet,90:10,FS_LR,None (Baseline),,,0.8,0.0,0.0,0.0,0.511919,,,,
TabNet,90:10,FS_LR,None (Baseline),,,0.8,0.0,0.0,0.0,0.490231,,,,
TabNet,90:10,FS_LR,SMOTE,,,0.626,0.182482,0.25,0.21097,0.487213,,,,
TabNet,90:10,FS_LR,ADASYN,,,0.619,0.184669,0.265,0.217659,0.507625,,,,
TabNet,90:10,FS_LR,RandomUnderSampler,,,0.634,0.168,0.21,0.186667,0.453756,,,,
TabNet,90:10,FS_LR,SMOTETomek,,,0.653,0.202429,0.25,0.223714,0.484506,,,,
TabNet,90:10,FS_LR,SMOTEENN,,,0.323,0.203727,0.82,0.326368,0.51085,,,,
TabNet,90:10,FS_LR,NearMiss,,,0.35,0.207792,0.8,0.329897,0.546406,,,,
TabNet,90:10,FS_LR,ClusterCentroids,,,0.488,0.17364,0.415,0.244838,0.44225,,,,
TabNet,90:10,FS_LR,ADASYN+Tomek,,,0.662,0.2125,0.255,0.231818,0.525194,,,,
TabNet,90:10,FS_LR,Borderline+Tomek,,,0.568,0.188172,0.35,0.244755,0.481456,,,,
Logistic Regression,90:10,FS_RF,SMOTEENN (Fold 1),,,0.2,0.2,1.0,0.333333,0.515575,,,,
Logistic Regression,90:10,FS_RF,ADASYN (Fold 1),,,0.483,0.204842,0.55,0.298507,0.50595,,,,
Logistic Regression,90:10,FS_RF,NearMiss (Fold 2),,,0.501,0.207436,0.53,0.298172,0.506119,,,,
Logistic Regression,90:10,FS_RF,ADASYN + Tomek (Fold 1),,,0.497,0.201183,0.51,0.288543,0.503806,,,,
Logistic Regression,90:10,FS_RF,RandomUnderSampler (Fold 1),,,0.529,0.204793,0.47,0.285281,0.5118,,,,
Logistic Regression,90:10,FS_RF,ClusterCentroids (Fold 5),,,0.514,0.193133,0.45,0.27027,0.490263,,,,
Logistic Regression,90:10,FS_RF,SMOTETomek (Fold 1),,,0.518,0.188053,0.425,0.260736,0.493225,,,,
Logistic Regression,90:10,FS_RF,SMOTE (Fold 1),,,0.517,0.186253,0.42,0.258065,0.493038,,,,
Logistic Regression,90:10,FS_RF,Borderline-2 + Tomek (Fold 2),,,0.552,0.200483,0.415,0.270358,0.493206,,,,
Logistic Regression,90:10,FS_RF,None (Baseline),,,0.8,0.0,0.0,0.0,0.5124,,,,
Decision Tree,90:10,FS_RF,Borderline-2 + Tomek (Fold 4),,,0.326,0.198473,0.78,0.31643,0.494238,,,,
Decision Tree,90:10,FS_RF,SMOTEENN (Fold 5),,,0.326,0.187335,0.71,0.296451,0.446997,,,,
Decision Tree,90:10,FS_RF,SMOTE (Fold 4),,,0.45,0.206376,0.615,0.309045,0.513256,,,,
Decision Tree,90:10,FS_RF,ADASYN (Fold 5),,,0.446,0.197952,0.58,0.295165,0.5041,,,,
Decision Tree,90:10,FS_RF,SMOTETomek (Fold 4),,,0.468,0.205674,0.58,0.303665,0.513997,,,,
Decision Tree,90:10,FS_RF,ADASYN + Tomek (Fold 5),,,0.446,0.197952,0.58,0.295165,0.501481,,,,
Decision Tree,90:10,FS_RF,NearMiss (Fold 2),,,0.558,0.215962,0.46,0.29393,0.5449,,,,
Decision Tree,90:10,FS_RF,ClusterCentroids (Fold 1),,,0.598,0.195783,0.325,0.244361,0.495019,,,,
Decision Tree,90:10,FS_RF,RandomUnderSampler (Fold 5),,,0.654,0.185345,0.215,0.199074,0.492578,,,,
Decision Tree,90:10,FS_RF,Baseline (Fold 5),,,0.786,0.111111,0.01,0.018349,0.504231,,,,
Random Forest,90:10,FS_RF,None (Baseline),,,0.8,0.0,0.0,0.0,0.522475,,,,
Random Forest,90:10,FS_RF,SMOTE (Fold 2),,,0.712,0.194444,0.14,0.162791,0.477016,,,,
Random Forest,90:10,FS_RF,ADASYN (Fold 5),,,0.688,0.195652,0.18,0.1875,0.482931,,,,
Random Forest,90:10,FS_RF,RandomUnderSampler (Fold 5),,,0.499,0.199601,0.5,0.285307,0.4836,,,,
Random Forest,90:10,FS_RF,SMOTETomek,,,0.705,0.172414,0.125,0.144928,0.466416,,,,
Random Forest,90:10,FS_RF,SMOTEENN,,,0.456,0.19395,0.545,0.286089,0.470381,,,,
Random Forest,90:10,FS_RF,NearMiss (Fold 1),,,0.371,0.207367,0.76,0.325831,0.527559,,,,
Random Forest,90:10,FS_RF,ClusterCentroids,,,0.413,0.193344,0.61,0.293622,0.510356,,,,
Random Forest,90:10,FS_RF,ADASYN+Tomek,,,0.694,0.176829,0.145,0.159341,0.482366,,,,
Random Forest,90:10,FS_RF,BorderlineSMOTE+Tomek,,,0.766,0.173077,0.045,0.071429,0.485728,,,,
XGBoost,90:10,FS_RF,None (Baseline),,,0.795,0.0,0.0,0.0,0.476937,,,,
XGBoost,90:10,FS_RF,SMOTE,,,0.619,0.195286,0.29,0.2334,0.495937,,,,
XGBoost,90:10,FS_RF,ADASYN,,,0.58,0.174556,0.295,0.219331,0.479838,,,,
XGBoost,90:10,FS_RF,RandomUnderSampler,,,0.5,0.2,0.5,0.285714,0.513188,,,,
XGBoost,90:10,FS_RF,ClusterCentroids,,,0.42,0.18543,0.56,0.278607,0.49005,,,,
XGBoost,90:10,FS_RF,SMOTETomek,,,0.58,0.164634,0.27,0.204545,0.486619,,,,
XGBoost,90:10,FS_RF,SMOTEENN,,,0.401,0.198185,0.655,0.304297,0.479787,,,,
XGBoost,90:10,FS_RF,NearMiss,,,0.382,0.208101,0.745,0.325328,0.524913,,,,
XGBoost,90:10,FS_RF,ADASYN+Tomek,,,0.603,0.187302,0.295,0.229126,0.476875,,,,
XGBoost,90:10,FS_RF,Borderline+Tomek,,,0.627,0.202749,0.295,0.240326,0.494053,,,,
MLP,90:10,FS_RF,None (Baseline),,,0.8,0.0,0.0,0.0,0.510406,,,,
MLP,90:10,FS_RF,SMOTE,,,0.524,0.2,0.46,0.278788,0.48965,,,,
MLP,90:10,FS_RF,ADASYN,,,0.572,0.227273,0.475,0.307443,0.534463,,,,
MLP,90:10,FS_RF,RandomUnderSampler,,,0.53,0.191781,0.42,0.263323,0.501212,,,,
MLP,90:10,FS_RF,SMOTETomek,,,0.561,0.181333,0.34,0.236522,0.475112,,,,
MLP,90:10,FS_RF,SMOTEENN,,,0.223,0.199166,0.955,0.329594,0.444306,,,,
MLP,90:10,FS_RF,NearMiss,,,0.465,0.212693,0.62,0.316731,0.532875,,,,
MLP,90:10,FS_RF,ClusterCentroids,,,0.8,0.0,0.0,0.0,0.456072,,,,
MLP,90:10,FS_RF,ADASYN+Tomek,,,0.789,0.076923,0.005,0.00939,0.471113,,,,
MLP,90:10,FS_RF,Borderline+Tomek,,,0.798,0.416667,0.025,0.04717,0.487256,,,,
DNN,90:10,FS_RF,SMOTEENN (Fold 3),,,0.221,0.198123,0.95,0.327869,0.481931,,,,
DNN,90:10,FS_RF,ADASYN (Fold 4),,,0.515,0.193548,0.45,0.270677,0.48,,,,
DNN,90:10,FS_RF,SMOTETomek (Fold 5),,,0.512,0.188312,0.435,0.26284,0.479494,,,,
DNN,90:10,FS_RF,ADASYN + Tomek (Fold 5),,,0.498,0.17735,0.415,0.248503,0.486356,,,,
DNN,90:10,FS_RF,SMOTE (Fold 2),,,0.515,0.181208,0.405,0.250386,0.477469,,,,
DNN,90:10,FS_RF,RandomUnderSampler (Fold 5),,,0.635,0.2,0.275,0.231579,0.484194,,,,
DNN,90:10,FS_RF,Borderline-2 + Tomek (Fold 5),,,0.658,0.196581,0.23,0.211982,0.540144,,,,
DNN,90:10,FS_RF,ClusterCentroids (Fold 5),,,0.7,0.225275,0.205,0.21466,0.467816,,,,
DNN,90:10,FS_RF,NearMiss (Fold 5),,,0.778,0.176471,0.03,0.051282,0.506294,,,,
DNN,90:10,FS_RF,None (Baseline),,,0.8,0.0,0.0,0.0,0.50155,,,,
ResNet,90:10,FS_RF,SMOTEENN (Fold 5),,,0.481,0.217699,0.615,0.321569,0.514637,,,,
ResNet,90:10,FS_RF,NearMiss (Fold 1),,,0.622,0.267016,0.51,0.350515,0.575275,,,,
ResNet,90:10,FS_RF,Borderline2 + Tomek (Fold 5),,,0.629,0.223301,0.345,0.27112,0.531388,,,,
ResNet,90:10,FS_RF,SMOTETomek (Fold 5),,,0.582,0.188571,0.33,0.24,0.504231,,,,
ResNet,90:10,FS_RF,ADASYN (Fold 4),,,0.617,0.196013,0.295,0.235529,0.514225,,,,
ResNet,90:10,FS_RF,ADASYN + Tomek (Fold 2),,,0.599,0.172638,0.265,0.209073,0.481156,,,,
ResNet,90:10,FS_RF,SMOTE (Fold 1),,,0.598,0.165563,0.25,0.199203,0.481494,,,,
ResNet,90:10,FS_RF,ClusterCentroids (Fold 2),,,0.661,0.209205,0.25,0.22779,0.51015,,,,
ResNet,90:10,FS_RF,RandomUnderSampler (Fold 4),,,0.743,0.172414,0.075,0.10453,0.458703,,,,
ResNet,90:10,FS_RF,None (Baseline),,,0.8,0.0,0.0,0.0,0.504163,,,,
TabNet,90:10,FS_RF,None (Baseline),,,0.8,0.0,0.0,0.0,0.490231,,,,
TabNet,90:10,FS_RF,SMOTE,,,0.626,0.182482,0.25,0.21097,0.487213,,,,
TabNet,90:10,FS_RF,ADASYN,,,0.619,0.184669,0.265,0.217659,0.507625,,,,
TabNet,90:10,FS_RF,RandomUnderSampler,,,0.634,0.168,0.21,0.186667,0.453756,,,,
TabNet,90:10,FS_RF,SMOTETomek,,,0.653,0.202429,0.25,0.223714,0.484506,,,,
TabNet,90:10,FS_RF,SMOTEENN,,,0.323,0.203727,0.82,0.326368,0.51085,,,,
TabNet,90:10,FS_RF,NearMiss,,,0.35,0.207792,0.8,0.329897,0.546406,,,,
TabNet,90:10,FS_RF,ClusterCentroids,,,0.488,0.17364,0.415,0.244838,0.44225,,,,
TabNet,90:10,FS_RF,ADASYN+Tomek,,,0.662,0.2125,0.255,0.231818,0.525194,,,,
TabNet,90:10,FS_RF,Borderline+Tomek,,,0.568,0.188172,0.35,0.244755,0.481456,,,,
